Model,Accuracy,Training_Time_s,Total_Params,Trainable_Params,Params_Millions
GRU,0.552,122.92813801765442,13042370,13042370,13.04237
BiLSTM,0.556,157.79932594299316,16287170,16287170,16.28717
DistilBERT,0.866,193.0043590068817,66955010,66955010,66.95501
