Model,Accuracy,Training_Time_s,Total_Params,Trainable_Params,Params_Millions
GRU,0.688,239.39928007125854,13042370,13042370,13.04237
BiLSTM,0.504,312.1743528842926,16287170,16287170,16.28717
DistilBERT,0.865,341.0344772338867,66955010,66955010,66.95501
