Model,Accuracy,Training_Time_s,Total_Params,Trainable_Params,Params_Millions
GRU,0.9998,971.3823528289795,13042370,13042370,13.04237
BiLSTM,0.973,1216.8131122589111,16287170,16287170,16.28717
DistilBERT,0.852,1434.4893341064453,66955010,66955010,66.95501
