Model,Accuracy,Training_Time_s,Total_Params,Trainable_Params,Params_Millions
GRU,0.544,133.61279582977295,13042370,13042370,13.04237
BiLSTM,0.528,155.35844087600708,16287170,16287170,16.28717
DistilBERT,0.867,209.49259901046753,66955010,66955010,66.95501
