Model,Accuracy,Training_Time_s,Total_Params,Trainable_Params,Params_Millions
GRU,0.709,394.12459921836853,13042370,13042370,13.04237
BiLSTM,0.642,509.6697030067444,16287170,16287170,16.28717
DistilBERT,0.861,793.8413360118866,66955010,66955010,66.95501
