Model,Accuracy,Training_Time_s,Total_Params,Trainable_Params,Params_Millions
GRU,0.691,261.37934017181396,13042370,13042370,13.04237
BiLSTM,0.549,312.1123425960541,16287170,16287170,16.28717
DistilBERT,0.869,401.89332485198975,66955010,66955010,66.95501
